[{"Package":"abind","Version":"1.4-5"},{"Package":"acepack","Version":"1.4.1"},{"Package":"askpass","Version":"1.1"},{"Package":"assertthat","Version":"0.2.0"},{"Package":"backports","Version":"1.1.3"},{"Package":"base64enc","Version":"0.1-3"},{"Package":"BDgraph","Version":"2.55"},{"Package":"BH","Version":"1.69.0-1"},{"Package":"bit","Version":"1.1-14"},{"Package":"bit64","Version":"0.9-7"},{"Package":"bitops","Version":"1.0-6"},{"Package":"blob","Version":"1.1.1"},{"Package":"caret","Version":"6.0-81"},{"Package":"caTools","Version":"1.17.1.1"},{"Package":"checkmate","Version":"1.9.1"},{"Package":"classifierplots","Version":"1.3.3"},{"Package":"cli","Version":"1.0.1"},{"Package":"colorspace","Version":"1.4-0"},{"Package":"colourpicker","Version":"1.0"},{"Package":"corpcor","Version":"1.6.9"},{"Package":"crayon","Version":"1.3.4"},{"Package":"crosstalk","Version":"1.0.0"},{"Package":"curl","Version":"3.3"},{"Package":"d3Network","Version":"0.5.2.1"},{"Package":"data.table","Version":"1.12.0"},{"Package":"DBI","Version":"1.0.0"},{"Package":"digest","Version":"0.6.18"},{"Package":"dplyr","Version":"0.8.0.1"},{"Package":"DT","Version":"0.5"},{"Package":"dummies","Version":"1.5.6"},{"Package":"evaluate","Version":"0.13"},{"Package":"fansi","Version":"0.4.0"},{"Package":"fdrtool","Version":"1.2.15"},{"Package":"foreach","Version":"1.4.4"},{"Package":"Formula","Version":"1.2-3"},{"Package":"fs","Version":"1.2.6"},{"Package":"gdata","Version":"2.18.0"},{"Package":"generics","Version":"0.0.2"},{"Package":"ggm","Version":"2.3"},{"Package":"ggplot2","Version":"3.1.0"},{"Package":"glasso","Version":"1.10"},{"Package":"glue","Version":"1.3.0"},{"Package":"gower","Version":"0.1.2"},{"Package":"gplots","Version":"3.0.1.1"},{"Package":"gridExtra","Version":"2.3"},{"Package":"gtable","Version":"0.2.0"},{"Package":"gtools","Version":"3.8.1"},{"Package":"highr","Version":"0.7"},{"Package":"Hmisc","Version":"4.2-0"},{"Package":"hms","Version":"0.4.2"},{"Package":"htmlTable","Version":"1.13.1"},{"Package":"htmltools","Version":"0.3.6"},{"Package":"htmlwidgets","Version":"1.3"},{"Package":"httpuv","Version":"1.4.5.1"},{"Package":"httr","Version":"1.4.0"},{"Package":"huge","Version":"1.2.7"},{"Package":"igraph","Version":"1.2.4"},{"Package":"ipred","Version":"0.9-8"},{"Package":"iterators","Version":"1.0.10"},{"Package":"jpeg","Version":"0.1-8"},{"Package":"jsonlite","Version":"1.6"},{"Package":"knitr","Version":"1.21"},{"Package":"labeling","Version":"0.3"},{"Package":"later","Version":"0.8.0"},{"Package":"latticeExtra","Version":"0.6-28"},{"Package":"lava","Version":"1.6.5"},{"Package":"lavaan","Version":"0.6-3"},{"Package":"lazyeval","Version":"0.2.1"},{"Package":"lme4","Version":"1.1-20"},{"Package":"lubridate","Version":"1.7.4"},{"Package":"magrittr","Version":"1.5"},{"Package":"markdown","Version":"0.9"},{"Package":"memoise","Version":"1.1.0"},{"Package":"mime","Version":"0.6"},{"Package":"miniUI","Version":"0.1.1.1"},{"Package":"minqa","Version":"1.2.4"},{"Package":"mnormt","Version":"1.5-5"},{"Package":"ModelMetrics","Version":"1.2.2"},{"Package":"munsell","Version":"0.5.0"},{"Package":"nloptr","Version":"1.2.1"},{"Package":"numDeriv","Version":"2016.8-1"},{"Package":"odbc","Version":"1.1.6"},{"Package":"openssl","Version":"1.2.1"},{"Package":"pander","Version":"0.6.3"},{"Package":"pbapply","Version":"1.4-0"},{"Package":"pbivnorm","Version":"0.6.0"},{"Package":"pillar","Version":"1.3.1"},{"Package":"pkgconfig","Version":"2.0.2"},{"Package":"plogr","Version":"0.2.0"},{"Package":"plyr","Version":"1.8.4"},{"Package":"png","Version":"0.1-7"},{"Package":"prettydoc","Version":"0.2.1"},{"Package":"prettyunits","Version":"1.0.2"},{"Package":"pROC","Version":"1.14.0"},{"Package":"prodlim","Version":"2018.04.18"},{"Package":"promises","Version":"1.0.1"},{"Package":"psych","Version":"1.8.12"},{"Package":"purrr","Version":"0.3.0"},{"Package":"qgraph","Version":"1.5"},{"Package":"R6","Version":"2.4.0"},{"Package":"RColorBrewer","Version":"1.1-2"},{"Package":"Rcpp","Version":"1.0.0"},{"Package":"RcppEigen","Version":"0.3.3.5.0"},{"Package":"RcppRoll","Version":"0.3.0"},{"Package":"recipes","Version":"0.1.4"},{"Package":"REEMtree","Version":"0.90.3"},{"Package":"reshape","Version":"0.8.8"},{"Package":"reshape2","Version":"1.4.3"},{"Package":"rJava","Version":"0.9-10"},{"Package":"RJDBC","Version":"0.2-7.1"},{"Package":"rjson","Version":"0.2.20"},{"Package":"rlang","Version":"0.3.1"},{"Package":"rmarkdown","Version":"1.11"},{"Package":"RMySQL","Version":"0.10.17"},{"Package":"ROCR","Version":"1.0-7"},{"Package":"rpart.plot","Version":"3.0.6"},{"Package":"RPostgreSQL","Version":"0.6-2"},{"Package":"RSQLite","Version":"2.1.1"},{"Package":"rstudioapi","Version":"0.9.0"},{"Package":"scales","Version":"1.0.0"},{"Package":"shiny","Version":"1.2.0"},{"Package":"shinyBS","Version":"0.61"},{"Package":"shinyFiles","Version":"0.7.2"},{"Package":"shinyjs","Version":"1.0"},{"Package":"sourcetools","Version":"0.1.7"},{"Package":"SQUAREM","Version":"2017.10-1"},{"Package":"stringi","Version":"1.3.1"},{"Package":"stringr","Version":"1.4.0"},{"Package":"sys","Version":"2.1"},{"Package":"tibble","Version":"2.0.1"},{"Package":"tidyr","Version":"0.8.2"},{"Package":"tidyselect","Version":"0.2.5"},{"Package":"timeDate","Version":"3043.102"},{"Package":"tinytex","Version":"0.10"},{"Package":"utf8","Version":"1.1.4"},{"Package":"viridis","Version":"0.5.1"},{"Package":"viridisLite","Version":"0.3.0"},{"Package":"whisker","Version":"0.3-2"},{"Package":"withr","Version":"2.1.2"},{"Package":"xfun","Version":"0.4"},{"Package":"xtable","Version":"1.8-3"},{"Package":"yaml","Version":"2.2.0"},{"Package":"boot","Version":"1.3-20"},{"Package":"class","Version":"7.3-14"},{"Package":"cluster","Version":"2.0.6"},{"Package":"codetools","Version":"0.2-15"},{"Package":"foreign","Version":"0.8-69"},{"Package":"grid","Version":"3.4.4"},{"Package":"KernSmooth","Version":"2.23-15"},{"Package":"lattice","Version":"0.20-35"},{"Package":"MASS","Version":"7.3-49"},{"Package":"Matrix","Version":"1.2-12"},{"Package":"mgcv","Version":"1.8-23"},{"Package":"nlme","Version":"3.1-131.1"},{"Package":"nnet","Version":"7.3-12"},{"Package":"rpart","Version":"4.1-13"},{"Package":"survival","Version":"2.41-3"}]
